level,approach,event_count,complete_30m_event_count,median_touch_close_response_points,average_favorable_30m_points,median_favorable_30m_points,average_adverse_30m_points,median_adverse_30m_points,dominant_30m_reaction_rate_pct,favorable_5pt_within_30m_rate_pct,favorable_10pt_within_30m_rate_pct,favorable_20pt_within_30m_rate_pct,median_close_move_30m_points,complete_60m_event_count,median_favorable_60m_points,median_adverse_60m_points,median_close_move_60m_points
6350,from_above,2,2,3.43,11.99,11.99,5.59,5.59,50,100,50,0,-2.42,2,11.99,18.09,-15.28
6350,from_below,1,0,5.78,,,,,,,,,,0,,,
6400,from_above,2,2,1.61,1.63,1.63,21.06,21.06,0,0,0,0,-13.37,2,1.63,26.49,-18.03
6400,from_below,2,2,0.25,17.14,17.14,10.01,10.01,100,100,100,50,12.08,2,22.31,10.01,10.88
6450,from_above,1,1,-19.52,0,0,39.37,39.37,0,0,0,0,-31.05,1,0,39.37,-29.21
6450,from_below,5,5,1.22,21.98,16.14,27.82,3.73,60,80,60,40,3.87,5,40.69,3.73,18.04
6500,from_above,3,3,0.85,10.19,5.73,20.58,25.06,0,66.7,33.3,33.3,-5.33,2,23.77,17.63,22.9
6500,from_below,7,6,1.22,11.39,11.22,9.72,7.14,83.3,83.3,50,16.7,0.24,6,11.46,8.84,6.45
6550,from_above,14,13,1.82,18.56,17.49,8.46,4.05,69.2,100,69.2,46.2,14.04,13,20.1,11.55,11.32
6550,from_below,4,4,-4.09,2.58,0.88,20.74,16.54,0,25,0,0,-14.09,4,0.88,36.11,-25.73
6600,from_above,20,19,0.91,7.52,7.57,11.47,6.23,47.4,63.2,26.3,5.3,0.41,18,8.15,13.03,-4.73
6600,from_below,25,24,3.55,15.65,14.01,8.53,5.7,62.5,79.2,70.8,25,1.93,22,13.5,8.34,0.15
6650,from_above,5,5,4.13,8.96,5.78,14.57,13.96,40,80,20,20,-13.14,5,5.78,18.65,-13.36
6650,from_below,6,6,0.39,14.16,12.76,9.74,4.32,50,83.3,50,33.3,9.71,5,18.65,7.37,9.08
6700,from_above,14,14,0.52,12.55,12.06,9.61,9.2,42.9,78.6,57.1,21.4,-2.04,13,15.2,12.21,-3.58
6700,from_below,12,11,3.17,10.35,8.6,8.82,9.85,45.5,63.6,45.5,0,-0.29,11,10.47,12.93,-3.69
6750,from_above,15,15,2.38,14.1,16.53,9.25,2.89,73.3,86.7,80,20,6.45,14,21.69,2.89,12.32
6750,from_below,7,7,3.53,16.46,11.1,19.92,21.73,42.9,71.4,57.1,28.6,3.99,6,17.78,19.69,-5.02
6800,from_above,9,9,-0.64,22.82,14.83,11.78,13.46,55.6,77.8,66.7,44.4,0.13,8,18.99,11.72,4.81
6800,from_below,18,16,1.44,15.77,17.2,15.41,14.62,56.3,75,62.5,37.5,1.26,14,17.93,28.44,-19.58
6850,from_above,29,29,2.05,15.54,10.48,10.1,9.84,65.5,86.2,51.7,27.6,1.2,27,20.43,8.83,10.39
6850,from_below,22,21,0.78,12.05,6.25,11.67,7.85,52.4,66.7,38.1,19,1.18,20,10.8,13.1,-7.17
6900,from_above,20,19,2.15,9.67,7.75,15.75,12.79,57.9,73.7,31.6,10.5,-2.72,18,9.04,17.49,-3.9
6900,from_below,19,18,2.52,13.26,10.77,6.01,6.28,77.8,77.8,55.6,22.2,1.8,17,17.93,7.85,-2.08
6950,from_above,9,9,1.85,5.15,5.59,11.27,8.87,44.4,55.6,0,0,-1.13,8,7.09,12.64,-0.97
6950,from_below,12,10,1.69,7.71,7.62,8.59,7.19,60,70,40,0,-1.88,10,9.72,10.18,-8.29
7000,from_below,6,6,2.09,8.26,6.46,1.59,0.96,83.3,83.3,16.7,16.7,1.95,6,10.62,2.87,-0.01
7050,from_above,2,1,6.09,56.15,56.15,0,0,100,100,100,100,55.13,1,68.46,0,54.68
7050,from_below,1,1,1.69,23.48,23.48,1.23,1.23,100,100,100,100,16.72,1,23.48,1.23,20.47
7100,from_above,8,7,0.72,6.53,5.62,11.85,8.23,57.1,71.4,14.3,0,1.18,6,8.67,11.99,2.76
7100,from_below,8,8,3.85,19.49,10.05,9.18,9.77,50,75,50,25,1.21,6,12.76,18.46,-6.56
7150,from_above,5,5,4.62,14.88,17.23,1.29,1.58,100,100,80,0,9.6,5,17.23,1.58,8.24
7150,from_below,5,5,-0.6,10.76,15.75,11.22,14.45,40,60,60,0,-7.71,5,15.75,14.45,-4.82
7200,from_above,5,4,0.95,7.29,7.57,4.9,5.37,75,75,25,0,0.39,3,9.85,8.85,-2.27
7200,from_below,4,4,2.64,6.41,5.17,4.76,5.17,50,50,25,0,-3.04,4,5.17,9.9,-7.39
7250,from_above,6,6,-0.49,25.27,8.5,6.06,5.23,83.3,100,33.3,33.3,3.29,6,11.78,8.81,7.51
7250,from_below,4,4,2.38,8.84,8.07,7.31,4.63,50,75,25,0,-3.37,3,8.23,9.54,-0.37
7300,from_above,8,8,2.15,21.09,14.6,13.27,12.56,50,87.5,75,37.5,-4.69,8,22.82,20.71,-5.25
7300,from_below,10,10,1.61,12.47,15.85,25.32,25.7,30,70,70,20,-7.79,10,18.65,27.9,3.28
7350,from_above,32,29,0.53,18.96,12.47,10.28,8.29,72.4,93.1,62.1,34.5,6.42,26,22.04,9.11,11.1
7350,from_below,18,16,1.43,9.55,8.54,14.65,8.43,43.8,62.5,43.8,12.5,-4.94,15,8.36,19.91,-7.21
7400,from_above,35,32,1.27,16.24,11.6,10.91,7.27,62.5,81.3,56.3,31.3,4.26,31,17.02,7.98,7.86
7400,from_below,32,28,1.28,16.29,10.82,8.99,6.68,67.9,82.1,53.6,25,2.13,25,15.44,8.59,0.24
7450,from_above,27,23,0.77,10.51,6.72,17.33,14.36,30.4,60.9,30.4,17.4,-7.18,20,8.59,18.52,-9.18
7450,from_below,26,25,1.41,13.3,9.41,11.48,8.52,48,76,44,24,0.09,22,16.56,10.04,2.54
7500,from_above,30,28,2.47,9.94,8.14,11.19,5.01,53.6,71.4,42.9,10.7,0.51,25,17.57,8.47,-2.23
7500,from_below,32,31,1.85,10.78,7.78,7.44,5.14,61.3,64.5,38.7,19.4,1.15,29,11.98,8.29,0.45
7550,from_above,17,16,3.42,10.08,9.48,13.43,9.82,43.8,81.3,43.8,0,1.48,16,13.22,16.97,-1.39
7550,from_below,29,28,2.56,8.94,6.75,5.55,4.86,64.3,75,32.1,0,-0.81,25,13.77,6.76,-0.53
7600,from_above,2,1,-1.15,0,0,37.55,37.55,0,0,0,0,-19.28,1,0,37.55,-17.86
7600,from_below,4,4,2.27,13.15,11.56,6.06,3.28,75,75,50,25,3.46,3,7.44,17.66,-15.69
